{
  "Stacking": {
    "accuracy": 0.9816,
    "f1": 0.7766990291262136,
    "roc_auc": 0.9060373219855731
  },
  "HistGradientBoosting": {
    "accuracy": 0.97984,
    "f1": 0.7428571428571429,
    "roc_auc": 0.9046457086074494
  },
  "RandomForest": {
    "accuracy": 0.97024,
    "f1": 0.5674418604651162,
    "roc_auc": 0.903546777995737
  },
  "LogReg(scaled)": {
    "accuracy": 0.96256,
    "f1": 0.4090909090909091,
    "roc_auc": 0.8400411948253248
  },
  "DecisionTree": {
    "accuracy": 0.96656,
    "f1": 0.56,
    "roc_auc": 0.7991894770131668,
    "max_depth": 8,
    "min_samples_leaf": 20,
    "ccp_alpha": 0.0
  },
  "Dummy(most_frequent)": {
    "accuracy": 0.95088,
    "f1": 0.0,
    "roc_auc": 0.5
  }
}